{
  "vocab": {
    "spider": 0,
    "man": 1,
    "while": 2,
    "vulture": 3,
    "his": 4,
    "peter": 5,
    "web": 6,
    "responsibility": 7,
    "using": 8,
    "from": 9,
    "swinging": 10,
    "agility": 11,
    "knowledge": 12,
    "through": 13,
    "takes": 14,
    "just": 15,
    "known": 16,
    "parker": 17,
    "york": 18,
    "encounters": 19,
    "villains": 20,
    "city": 21,
    "now": 22,
    "cling": 23,
    "developed": 24,
    "swing": 25,
    "school": 26,
    "stealing": 27,
    "created": 28,
    "ability": 29,
    "ordinary": 30,
    "strength": 31,
    "across": 32,
    "walls": 33,
    "shooters": 34,
    "high": 35,
    "scientific": 36,
    "bitten": 37,
    "superhuman": 38,
    "radioactive": 39,
    "manhattan": 40,
    "new": 41,
    "student": 42,
    "protecting": 43,
    "suddenly": 44,
    "until": 45,
    "one": 46,
    "night": 47,
    "skills": 48,
    "battle": 49,
    "secret": 50,
    "thinking": 51,
    "authorities": 52,
    "over": 53,
    "live": 54,
    "fight": 55,
    "times": 56,
    "tech": 57,
    "hands": 58,
    "power": 59,
    "truck": 60,
    "great": 61,
    "determined": 62,
    "words": 63,
    "him": 64,
    "defeats": 65,
    "quick": 66,
    "ben": 67,
    "home": 68,
    "keeping": 69,
    "industries": 70,
    "confronts": 71,
    "dramatic": 72,
    "air": 73,
    "slinging": 74,
    "stark": 75,
    "mid": 76,
    "back": 77,
    "crime": 78,
    "honor": 79,
    "identity": 80,
    "comes": 81,
    "trying": 82,
    "above": 83,
    "reflects": 84,
    "uncle": 85,
    "continues": 86,
    "square": 87,
    "continue": 88,
    "life": 89,
    "teenage": 90,
    "your": 91,
    "friendly": 92,
    "adventures": 93,
    "neighborhood": 94,
    "normal": 95
  },
  "idf": {
    "spider": -0.2876820724517809,
    "man": -0.2876820724517809,
    "while": 0.0,
    "vulture": 0.0,
    "his": 0.0,
    "peter": 0.0,
    "web": 0.0,
    "responsibility": 0.0,
    "using": 0.0,
    "from": 0.0,
    "swinging": 0.4054651081081644,
    "agility": 0.4054651081081644,
    "knowledge": 0.4054651081081644,
    "through": 0.4054651081081644,
    "takes": 0.4054651081081644,
    "just": 0.4054651081081644,
    "known": 0.4054651081081644,
    "parker": 0.4054651081081644,
    "york": 0.4054651081081644,
    "encounters": 0.4054651081081644,
    "villains": 0.4054651081081644,
    "city": 0.4054651081081644,
    "now": 0.4054651081081644,
    "cling": 0.4054651081081644,
    "developed": 0.4054651081081644,
    "swing": 0.4054651081081644,
    "school": 0.4054651081081644,
    "stealing": 0.4054651081081644,
    "created": 0.4054651081081644,
    "ability": 0.4054651081081644,
    "ordinary": 0.4054651081081644,
    "strength": 0.4054651081081644,
    "across": 0.4054651081081644,
    "walls": 0.4054651081081644,
    "shooters": 0.4054651081081644,
    "high": 0.4054651081081644,
    "scientific": 0.4054651081081644,
    "bitten": 0.4054651081081644,
    "superhuman": 0.4054651081081644,
    "radioactive": 0.4054651081081644,
    "manhattan": 0.4054651081081644,
    "new": 0.4054651081081644,
    "student": 0.4054651081081644,
    "protecting": 0.4054651081081644,
    "suddenly": 0.4054651081081644,
    "until": 0.4054651081081644,
    "one": 0.4054651081081644,
    "night": 0.4054651081081644,
    "skills": 0.4054651081081644,
    "battle": 0.4054651081081644,
    "secret": 0.4054651081081644,
    "thinking": 0.4054651081081644,
    "authorities": 0.4054651081081644,
    "over": 0.4054651081081644,
    "live": 0.4054651081081644,
    "fight": 0.4054651081081644,
    "times": 0.4054651081081644,
    "tech": 0.4054651081081644,
    "hands": 0.4054651081081644,
    "power": 0.4054651081081644,
    "truck": 0.4054651081081644,
    "great": 0.4054651081081644,
    "determined": 0.4054651081081644,
    "words": 0.4054651081081644,
    "him": 0.4054651081081644,
    "defeats": 0.4054651081081644,
    "quick": 0.4054651081081644,
    "ben": 0.4054651081081644,
    "home": 0.4054651081081644,
    "keeping": 0.4054651081081644,
    "industries": 0.4054651081081644,
    "confronts": 0.4054651081081644,
    "dramatic": 0.4054651081081644,
    "air": 0.4054651081081644,
    "slinging": 0.4054651081081644,
    "stark": 0.4054651081081644,
    "mid": 0.4054651081081644,
    "back": 0.4054651081081644,
    "crime": 0.4054651081081644,
    "honor": 0.4054651081081644,
    "identity": 0.4054651081081644,
    "comes": 0.4054651081081644,
    "trying": 0.4054651081081644,
    "above": 0.4054651081081644,
    "reflects": 0.4054651081081644,
    "uncle": 0.4054651081081644,
    "continues": 0.4054651081081644,
    "square": 0.4054651081081644,
    "continue": 0.4054651081081644,
    "life": 0.4054651081081644,
    "teenage": 0.4054651081081644,
    "your": 0.4054651081081644,
    "friendly": 0.4054651081081644,
    "adventures": 0.4054651081081644,
    "neighborhood": 0.4054651081081644,
    "normal": 0.4054651081081644
  }
}